{"nodes": [{"id": "russia", "occurrences": 218, "nodePolarity": 0.0016238532110091786}, {"id": "russian", "occurrences": 132, "nodePolarity": 0.008916666666666665}, {"id": "say", "occurrences": 145, "nodePolarity": 0.03148275862068967}], "links": [{"source": 1, "target": 2, "value": 8, "polarityScore": -0.01900000000000001}, {"source": 0, "target": 2, "value": 9, "polarityScore": 0.018444444444444447}]}